USE `sepp`;

SET sql_mode='no_auto_value_on_zero';
SET @@global.foreign_key_checks = 0;

/*Data for the table `sepp_prod_module` */
insert into `sepp_prod_module` (`module_id`, `product_id`, `module_name`, `pd_responser`, `dev_responser`, `test_responser`, `module_desc`, `code_package`, `is_valid`, `created_date`, `updated_date`) values('0','0','未定义','0','0','0','这是一个测试的模块，我们其实什么都没有做',NULL,'Y','2018-05-10 17:18:45','2018-07-09 15:37:37');

/*Data for the table `sepp_product` */
insert  into `sepp_product`(`product_id`,`product_code`,`owner`,`product_name`,`product_desc`,`is_valid`,`created_date`,`updated_date`) values (0,'DEMO',0,'演示产品','1、这是个演示产品配置；\n2、请不要轻易删除本数据；\n3、请不要随意修改本数据；','Y','2018-07-16 09:13:22','2018-09-17 16:16:42');

/*Data for the table `sepp_release` */
insert into `sepp_release` (`id`, `rel_code`, `branch_id`, `status`, `creator`, `responser`, `product_id`, `rel_date`, `req_confirm_date`, `sit_begin_date`, `uat_begin_date`, `ready_date`, `rel_date_act`, `environment`, `created_date`, `updated_date`) values('0','各产品自身','-1','-1','-1','-1','-1','1970-01-01',NULL,NULL,NULL,NULL,NULL,NULL,'2019-10-11 14:53:29','2019-10-11 14:53:33');

/*Data for the table `sepp_requirement` */
insert into `sepp_requirement` (`id`, `source_id`, `product_id`, `module_id`, `rel_id`, `type`, `status`, `priority`, `submitter`, `submit_date`, `expect_date`, `sit_date`, `uat_date`, `summary`, `ui_resource`, `attachment`, `detail`, `close_style`, `created_date`, `updated_date`) values('0','0','0','0',NULL,'0','0','3','0','2018-06-25','1970-01-01',NULL,NULL,'当前版本',NULL,'',NULL,'1','2018-06-25 17:03:29','2019-10-16 17:39:13');

/*Data for the table `sepp_case_tree` */
INSERT INTO `sepp_case_tree` (`id`, `parent_id`, `product_id`, `type`, `name`, `creator`) VALUES ('1', '0', '-1', 'folder', '根目录', '0');

/*Data for the table `sepp_organization` */
insert into `sepp_organization` (`id`, `parent_id`, `responser`, `team_name`, `team_description`, `created_date`, `updated_date`) values('1','0','1','根目录',NULL,'2019-01-14 10:32:28','2019-01-14 10:32:28');

/*Data for the table `sepp_auto_type` */
insert  into `sepp_auto_type`(`type_id`,`type_name`,`created_date`,`updated_date`) values (1,'Web前端E2E','2019-04-19 11:17:07','2019-04-19 11:17:12'),(2,'APP前端E2E','2019-04-19 11:17:29','2019-04-19 11:17:29'),(3,'皮下集成E2E','2019-04-19 11:17:32','2019-04-19 11:17:32'),(4,'前端单测','2019-04-19 11:17:39','2019-04-19 11:17:39'),(5,'后端单测','2019-04-19 11:17:43','2019-04-19 11:17:43'),(6,'数据库测试','2019-04-19 11:17:50','2019-04-19 11:17:50'),(7,'接口/契约测试','2019-04-19 11:17:54','2019-10-18 15:50:16'),(8,'算法测试','2019-04-19 11:17:58','2019-04-19 11:17:58'),(9,'兼容性测试','2019-04-19 11:18:01','2019-04-19 11:18:01'),(10,'静态扫描','2019-04-19 11:18:05','2019-04-19 11:18:05'),(11,'精准测试','2019-04-19 11:18:08','2019-04-19 11:18:08'),(12,'其他专项','2019-04-19 11:18:15','2019-04-19 11:18:15');

/*Data for the table `sepp_build_status` */
insert  into `sepp_build_status`(`status_id`,`status_name`,`created_date`,`updated_date`) values (1,'构建成功','2019-06-06 18:37:26','2019-06-06 18:37:26'),(2,'构建失败','2019-06-06 18:37:27','2019-06-06 18:37:27');

/*Data for the table `sepp_cm_status` */
insert  into `sepp_cm_status`(`status_id`,`status_name`,`created_date`,`updated_date`) values (0,'已关闭','2019-04-18 17:16:57','2019-04-18 17:17:00'),(1,'已创建','2019-04-18 17:16:37','2019-04-18 17:16:37'),(2,'编码中','2019-04-18 17:16:41','2019-10-16 17:40:11'),(3,'待提测','2019-04-18 17:16:44','2019-10-16 17:40:11'),(4,'测试中','2019-04-18 17:16:49','2019-10-16 17:40:11'),(5,'已完成','2019-04-18 17:16:52','2019-10-16 17:40:11'),(6,'已发布','2019-04-18 17:16:55','2019-10-16 17:40:11');

/*Data for the table `sepp_data_unit` */
insert  into `sepp_data_unit`(`unit_id`,`unit_value`,`unit_desc`,`created_date`,`updated_date`) values (1,'sum','合计值','2019-05-28 09:15:40','2019-05-28 09:17:46'),(2,'count','累计个数','2019-05-28 09:16:03','2019-05-28 09:17:40'),(3,'percent','百分比','2019-05-28 09:16:11','2019-05-28 09:16:11'),(4,'ms','毫秒','2019-05-28 09:16:55','2019-05-28 09:16:55'),(5,'s','秒','2019-05-28 09:17:03','2019-05-28 09:17:03'),(6,'m','分','2019-05-28 09:17:09','2019-05-28 09:17:09'),(7,'h','小时','2019-05-28 09:17:18','2019-05-28 09:17:18'),(8,'D','天','2019-05-28 09:17:53','2019-05-28 09:18:29'),(9,'W','周','2019-05-28 09:18:05','2019-05-28 09:18:27'),(10,'M','月','2019-05-28 09:18:18','2019-05-28 09:18:18'),(11,'Y','年','2019-05-28 09:18:26','2019-05-28 09:18:26');

/*Data for the table `sepp_defect_influence` */
insert  into `sepp_defect_influence`(`influence_id`,`influence_name`,`created_date`,`updated_date`) values (1,'致命','2019-04-19 09:29:18','2019-04-19 09:29:18'),(2,'严重','2019-04-19 09:29:22','2019-04-19 09:29:22'),(3,'一般','2019-04-19 09:29:26','2019-04-19 09:29:26'),(4,'建议','2019-04-19 09:29:29','2019-04-19 09:29:29');

/*Data for the table `sepp_defect_period` */
insert  into `sepp_defect_period`(`period_id`,`period_name`,`created_date`,`updated_date`) values (1,'需求阶段','2019-04-19 08:49:13','2019-04-19 08:49:13'),(2,'设计阶段','2019-04-19 08:49:17','2019-04-19 08:49:17'),(3,'编码阶段','2019-04-19 08:49:21','2019-04-19 08:49:21'),(4,'部署阶段','2019-04-19 08:49:25','2019-04-19 08:49:25'),(5,'基础环境','2019-04-19 08:49:30','2019-04-19 08:49:30');

/*Data for the table `sepp_defect_priority` */
insert  into `sepp_defect_priority`(`priority_id`,`priority_name`,`created_date`,`updated_date`) values (1,'紧急','2019-04-19 09:23:56','2019-04-19 09:23:56'),(2,'一般','2019-04-19 09:24:01','2019-04-19 09:24:01'),(3,'低','2019-04-19 09:24:06','2019-04-19 09:24:06');

/*Data for the table `sepp_defect_refuse_reason` */
insert  into `sepp_defect_refuse_reason`(`reason_id`,`reason_name`,`created_date`,`updated_date`) values (1,'重复缺陷','2019-08-19 08:17:19','2019-08-19 08:17:19'),(2,'同源缺陷','2019-08-19 08:17:22','2019-08-19 08:17:22'),(3,'测试环境问题','2019-08-19 08:17:26','2019-08-19 08:17:26'),(4,'测试设计问题','2019-08-19 08:17:29','2019-08-19 08:17:29'),(5,'测试执行问题','2019-08-19 08:17:30','2019-08-19 08:17:30');

/*Data for the table `sepp_defect_status` */
insert  into `sepp_defect_status`(`id`,`status_id`,`status_name`,`new_status_id`,`new_status_name`,`status_tips`) values (1,1,'已提交',2,'已分配','任何指向已提交状态的操作如果指定了缺陷负责人，则缺陷状态自动翻转为已分配'),(2,1,'已提交',6,'已拒绝','未指定缺陷负责人情况下的拒绝，一般为测试经理确认操作，而非开发或产品'),(3,2,'已分配',3,'已拆分','拆分开发任务（视缺陷管理方式而定）'),(4,2,'已分配',4,'已修复','开发修复代码或产品完善需求文档'),(5,2,'已分配',6,'已拒绝','缺陷负责人确认不是产品问题而拒绝'),(6,3,'已拆分',4,'已修复','拆分了开发任务并且已修复'),(7,4,'已修复',5,'已部署','部署完成（CI/CD接入之后自动翻转）'),(8,4,'已修复',1,'已提交','已修复的缺陷重验证不通过，且未指定负责人'),(9,4,'已修复',2,'已分配','已修复的缺陷重验证不通过且指定负责人'),(10,4,'已修复',0,'已关闭','修复后直接关闭，未经过部署（一般用于文档类或静态评审缺陷）'),(11,5,'已部署',0,'已关闭','部署成功并且验证通过'),(12,5,'已部署',1,'已提交','部署成功并且验证不通过'),(13,5,'已部署',2,'已分配','部署成功并且验证不通过，返回至缺陷负责人'),(14,6,'已拒绝',0,'已关闭','缺陷提交人确认拒绝有效后直接关闭'),(15,6,'已拒绝',1,'已提交','缺陷提交人不接受拒绝的操作，重新提交'),(16,6,'已拒绝',2,'已分配','缺陷提交人不接受拒绝的操作，返回至缺陷负责人'),(17,0,'已关闭',1,'已提交','已关闭的缺陷重新打开且不指定负责人'),(18,0,'已关闭',2,'已分配','已关闭的缺陷重新打开且指定负责人');

/*Data for the table `sepp_defect_type` */
insert  into `sepp_defect_type`(`type_id`,`type_name`,`created_date`,`updated_date`) values (1,'功能缺陷','2019-04-19 09:19:55','2019-04-19 09:19:55'),(2,'性能缺陷','2019-04-19 09:19:59','2019-04-19 09:19:59'),(3,'容量缺陷','2019-04-19 09:20:05','2019-04-19 09:20:05'),(4,'安全性缺陷','2019-04-19 09:20:11','2019-04-19 09:20:11'),(5,'兼容性缺陷','2019-04-19 09:20:17','2019-04-19 09:20:17'),(6,'文档缺陷','2019-04-19 09:20:21','2019-04-19 09:20:21');

/*Data for the table `sepp_env_type` */
insert  into `sepp_env_type`(`type_id`,`type_name`,`created_date`,`updated_date`) values (1,'开发测试','2019-04-19 09:31:14','2019-04-19 09:31:14'),(2,'集成测试','2019-04-19 09:31:18','2019-04-19 09:31:18'),(3,'系统测试','2019-04-19 09:31:23','2019-04-19 09:31:23'),(4,'验收测试','2019-04-19 09:31:27','2019-04-19 09:31:27'),(5,'线上运行','2019-04-19 09:32:01','2019-04-19 09:32:01');

/*Data for the table `sepp_found_means` */
insert  into `sepp_found_means`(`means_id`,`means_name`,`created_date`,`updated_date`) values (1,'手动测试','2019-04-19 09:25:47','2019-04-19 09:25:47'),(2,'自动化测试','2019-04-19 09:25:50','2019-04-19 09:25:50'),(3,'静态评审','2019-04-19 09:25:54','2019-04-19 09:25:54'),(4,'代码扫描','2019-04-19 09:26:05','2019-04-19 09:26:05'),(5,'转报及其他','2019-04-19 09:26:08','2019-04-19 09:26:08');

/*Data for the table `sepp_found_period` */
insert  into `sepp_found_period`(`period_id`,`period_name`,`period_alias`,`created_date`,`updated_date`) values (1,'单元测试','UT','2019-04-19 10:07:13','2019-04-19 10:07:13'),(2,'集成测试','SIT','2019-04-19 10:07:35','2019-04-19 10:07:35'),(3,'冒烟测试','SMT','2019-04-19 10:07:48','2019-04-19 10:07:48'),(4,'系统测试','ST','2019-04-19 10:07:56','2019-04-19 10:07:56'),(5,'验收测试','UAT','2019-04-19 10:08:06','2019-04-19 10:08:06'),(6,'回归测试','RET','2019-04-19 10:08:14','2019-04-19 10:08:14'),(7,'线上转报','PRD','2019-04-19 10:08:22','2019-04-19 10:08:22');

/*Data for the table `sepp_menu` */
insert into `sepp_menu` (`id`, `menu_icon`, `menu_index`, `title`, `role_ids`, `parent_id`, `created_date`, `updated_date`) values('1','el-icon-user','0','能效平台菜单配置','[0]','0','2019-09-29 15:16:14','2019-11-18 14:57:42');
insert into `sepp_menu` (`id`, `menu_icon`, `menu_index`, `title`, `role_ids`, `parent_id`, `created_date`, `updated_date`) values('122','iconfont icon-coding','2','需求管理',NULL,'1','2019-10-15 16:56:34','2019-10-24 18:00:08');
insert into `sepp_menu` (`id`, `menu_icon`, `menu_index`, `title`, `role_ids`, `parent_id`, `created_date`, `updated_date`) values('123',NULL,'/prereq','需求提交','[1,0,2,3,4,5,6,7,8,9,10,11,12,13,14,15,16,17]','122','2019-10-15 16:56:34','2019-11-27 09:41:04');
insert into `sepp_menu` (`id`, `menu_icon`, `menu_index`, `title`, `role_ids`, `parent_id`, `created_date`, `updated_date`) values('124',NULL,'/reqbpmn','需求初审','[0,1,2,3,4,10,12,14,16,17]','122','2019-10-15 16:56:34','2019-10-16 11:27:24');
insert into `sepp_menu` (`id`, `menu_icon`, `menu_index`, `title`, `role_ids`, `parent_id`, `created_date`, `updated_date`) values('125',NULL,'/request','需求开发','[0,1,2,3,4,5,6,7,8,9,10,11,12,13,14,16]','122','2019-10-15 16:56:34','2019-10-16 11:37:50');
insert into `sepp_menu` (`id`, `menu_icon`, `menu_index`, `title`, `role_ids`, `parent_id`, `created_date`, `updated_date`) values('126',NULL,'/change','变更确认','[0,1,2,3,4,5,6,7,8,9,10,11,12,13,16]','122','2019-10-15 16:56:34','2019-10-16 11:37:52');
insert into `sepp_menu` (`id`, `menu_icon`, `menu_index`, `title`, `role_ids`, `parent_id`, `created_date`, `updated_date`) values('127','iconfont icon-release','1','发布管理',NULL,'1','2019-10-15 16:56:34','2019-10-24 18:00:08');
insert into `sepp_menu` (`id`, `menu_icon`, `menu_index`, `title`, `role_ids`, `parent_id`, `created_date`, `updated_date`) values('128',NULL,'/release','版本计划','[0,1,2,3,4,5,6,7,8,9,10,11,12,13,16]','127','2019-10-15 16:56:35','2019-10-16 11:37:55');
insert into `sepp_menu` (`id`, `menu_icon`, `menu_index`, `title`, `role_ids`, `parent_id`, `created_date`, `updated_date`) values('129',NULL,'/build','发布清单','[0,1,2,3,4,5,6,7,8,9,10,11,12,13,17]','127','2019-10-15 16:56:35','2019-10-16 11:27:33');
insert into `sepp_menu` (`id`, `menu_icon`, `menu_index`, `title`, `role_ids`, `parent_id`, `created_date`, `updated_date`) values('130','iconfont icon-workbench','3','项目开发',NULL,'1','2019-10-15 16:56:35','2019-10-15 16:56:35');
insert into `sepp_menu` (`id`, `menu_icon`, `menu_index`, `title`, `role_ids`, `parent_id`, `created_date`, `updated_date`) values('131',NULL,'/missions','任务管理','[0,1,2,3,4,5,6,7,8,9,10,11,12,13]','130','2019-10-15 16:56:35','2019-11-06 16:32:56');
insert into `sepp_menu` (`id`, `menu_icon`, `menu_index`, `title`, `role_ids`, `parent_id`, `created_date`, `updated_date`) values('133',NULL,'/dashboard','状态看板','[0,1,2,3,4,5,6,7,8,9,10,11,12,13,16]','130','2019-10-15 16:56:35','2019-11-06 16:29:16');
insert into `sepp_menu` (`id`, `menu_icon`, `menu_index`, `title`, `role_ids`, `parent_id`, `created_date`, `updated_date`) values('135',NULL,'/index','工作台','[-1]','130','2019-10-15 16:56:35','2019-11-20 10:14:37');
insert into `sepp_menu` (`id`, `menu_icon`, `menu_index`, `title`, `role_ids`, `parent_id`, `created_date`, `updated_date`) values('136',NULL,'/gantt','甘特图','[0,1,2,3,4,5,6,7,8,9,10,11,12,13,16]','130','2019-10-15 16:56:35','2019-10-30 16:20:11');
insert into `sepp_menu` (`id`, `menu_icon`, `menu_index`, `title`, `role_ids`, `parent_id`, `created_date`, `updated_date`) values('138','iconfont icon-bug','4','测试管理',NULL,'1','2019-10-15 16:56:35','2019-10-15 16:56:35');
insert into `sepp_menu` (`id`, `menu_icon`, `menu_index`, `title`, `role_ids`, `parent_id`, `created_date`, `updated_date`) values('139',NULL,'/testplan','测试计划','[-1]','138','2019-10-15 16:56:35','2019-11-28 14:23:57');
insert into `sepp_menu` (`id`, `menu_icon`, `menu_index`, `title`, `role_ids`, `parent_id`, `created_date`, `updated_date`) values('140',NULL,'/testcase','测试用例','[-1]','138','2019-10-15 16:56:35','2019-11-28 14:24:02');
insert into `sepp_menu` (`id`, `menu_icon`, `menu_index`, `title`, `role_ids`, `parent_id`, `created_date`, `updated_date`) values('141',NULL,'/testexec','测试执行','[-1]','138','2019-10-15 16:56:35','2019-11-28 14:24:08');
insert into `sepp_menu` (`id`, `menu_icon`, `menu_index`, `title`, `role_ids`, `parent_id`, `created_date`, `updated_date`) values('142',NULL,'/defect','缺陷管理','[-1]','138','2019-10-15 16:56:35','2019-11-28 14:24:12');
insert into `sepp_menu` (`id`, `menu_icon`, `menu_index`, `title`, `role_ids`, `parent_id`, `created_date`, `updated_date`) values('143',NULL,'/testrpt','测试报告','[-1]','138','2019-10-15 16:56:35','2019-11-28 14:24:17');
insert into `sepp_menu` (`id`, `menu_icon`, `menu_index`, `title`, `role_ids`, `parent_id`, `created_date`, `updated_date`) values('144','iconfont icon-tech','5','基础设施',NULL,'1','2019-10-15 16:56:35','2020-01-09 16:00:43');
insert into `sepp_menu` (`id`, `menu_icon`, `menu_index`, `title`, `role_ids`, `parent_id`, `created_date`, `updated_date`) values('145',NULL,'/problem','线上问题','[0,1,2,3,4,5,6,7,8,9,10,11,12,13,16]','122','2019-10-15 16:56:35','2019-11-20 10:08:27');
insert into `sepp_menu` (`id`, `menu_icon`, `menu_index`, `title`, `role_ids`, `parent_id`, `created_date`, `updated_date`) values('146',NULL,'/env','环境信息','[-1]','144','2019-10-15 16:56:35','2019-11-28 14:22:45');
insert into `sepp_menu` (`id`, `menu_icon`, `menu_index`, `title`, `role_ids`, `parent_id`, `created_date`, `updated_date`) values('147',NULL,'/instance','实例配置','[0,3,4,2,7,8,9,10,12,18,17,19]','144','2019-10-15 16:56:35','2019-11-28 14:23:34');
insert into `sepp_menu` (`id`, `menu_icon`, `menu_index`, `title`, `role_ids`, `parent_id`, `created_date`, `updated_date`) values('148',NULL,'/device','设备管理','[-1]','144','2019-10-15 16:56:35','2019-11-28 14:23:44');
insert into `sepp_menu` (`id`, `menu_icon`, `menu_index`, `title`, `role_ids`, `parent_id`, `created_date`, `updated_date`) values('149','el-icon-search','6','综合查询',NULL,'1','2019-10-15 16:56:35','2019-10-15 16:56:35');
insert into `sepp_menu` (`id`, `menu_icon`, `menu_index`, `title`, `role_ids`, `parent_id`, `created_date`, `updated_date`) values('150',NULL,'/fuzzq','模糊查询','[-1]','149','2019-10-15 16:56:35','2019-10-15 16:56:35');
insert into `sepp_menu` (`id`, `menu_icon`, `menu_index`, `title`, `role_ids`, `parent_id`, `created_date`, `updated_date`) values('151',NULL,'/refused','被拒缺陷','[-1]','149','2019-10-15 16:56:35','2019-10-15 16:56:35');
insert into `sepp_menu` (`id`, `menu_icon`, `menu_index`, `title`, `role_ids`, `parent_id`, `created_date`, `updated_date`) values('152',NULL,'/monthly','月度报表','[15,27,26,19,17,16]','149','2019-10-15 16:56:35','2019-11-28 14:22:30');
insert into `sepp_menu` (`id`, `menu_icon`, `menu_index`, `title`, `role_ids`, `parent_id`, `created_date`, `updated_date`) values('153','iconfont icon-analyze','7','质量度量',NULL,'1','2019-10-15 16:56:35','2019-10-15 16:56:35');
insert into `sepp_menu` (`id`, `menu_icon`, `menu_index`, `title`, `role_ids`, `parent_id`, `created_date`, `updated_date`) values('154',NULL,'/reqana','产品需求','[-1]','153','2019-10-15 16:56:35','2019-11-28 14:21:09');
insert into `sepp_menu` (`id`, `menu_icon`, `menu_index`, `title`, `role_ids`, `parent_id`, `created_date`, `updated_date`) values('155',NULL,'/cmsana','开发任务','[-1]','153','2019-10-15 16:56:35','2019-11-28 14:21:15');
insert into `sepp_menu` (`id`, `menu_icon`, `menu_index`, `title`, `role_ids`, `parent_id`, `created_date`, `updated_date`) values('156',NULL,'/tmsana','测试任务','[-1]','153','2019-10-15 16:56:35','2019-11-28 14:21:20');
insert into `sepp_menu` (`id`, `menu_icon`, `menu_index`, `title`, `role_ids`, `parent_id`, `created_date`, `updated_date`) values('157',NULL,'/bugana','产品缺陷','[-1]','153','2019-10-15 16:56:35','2019-11-28 14:21:28');
insert into `sepp_menu` (`id`, `menu_icon`, `menu_index`, `title`, `role_ids`, `parent_id`, `created_date`, `updated_date`) values('158',NULL,'/densities','缺陷密度','[-1]','153','2019-10-15 16:56:35','2019-11-28 14:21:36');
insert into `sepp_menu` (`id`, `menu_icon`, `menu_index`, `title`, `role_ids`, `parent_id`, `created_date`, `updated_date`) values('159',NULL,'/comana','综合分析','[-1]','153','2019-10-15 16:56:35','2019-11-28 14:21:41');
insert into `sepp_menu` (`id`, `menu_icon`, `menu_index`, `title`, `role_ids`, `parent_id`, `created_date`, `updated_date`) values('160','iconfont icon-icon-product','8','产品配置',NULL,'1','2019-10-15 16:56:35','2019-10-15 16:56:35');
insert into `sepp_menu` (`id`, `menu_icon`, `menu_index`, `title`, `role_ids`, `parent_id`, `created_date`, `updated_date`) values('161',NULL,'/product','产品配置','[0,16,27,17,19]','160','2019-10-15 16:56:35','2019-11-28 14:17:40');
insert into `sepp_menu` (`id`, `menu_icon`, `menu_index`, `title`, `role_ids`, `parent_id`, `created_date`, `updated_date`) values('162',NULL,'/module','产品模块','[0,1,3,4,5,6,10,16,19,27]','160','2019-10-15 16:56:35','2019-11-28 14:18:44');
insert into `sepp_menu` (`id`, `menu_icon`, `menu_index`, `title`, `role_ids`, `parent_id`, `created_date`, `updated_date`) values('163',NULL,'/branch','产品分支','[0,1,16,27,17,19,10]','160','2019-10-15 16:56:35','2019-11-28 14:19:32');
insert into `sepp_menu` (`id`, `menu_icon`, `menu_index`, `title`, `role_ids`, `parent_id`, `created_date`, `updated_date`) values('164',NULL,'/prdocs','产品文档','[-1]','160','2019-10-15 16:56:35','2019-11-28 14:21:02');
insert into `sepp_menu` (`id`, `menu_icon`, `menu_index`, `title`, `role_ids`, `parent_id`, `created_date`, `updated_date`) values('165','iconfont icon-setup','9','系统配置',NULL,'1','2019-10-15 16:56:35','2019-10-15 16:56:35');
insert into `sepp_menu` (`id`, `menu_icon`, `menu_index`, `title`, `role_ids`, `parent_id`, `created_date`, `updated_date`) values('166',NULL,'/system','系统设置','[17]','165','2019-10-15 16:56:35','2019-12-24 15:41:04');
insert into `sepp_menu` (`id`, `menu_icon`, `menu_index`, `title`, `role_ids`, `parent_id`, `created_date`, `updated_date`) values('167',NULL,'/team','团队管理','[0,17,19]','165','2019-10-15 16:56:35','2019-11-28 14:16:43');
insert into `sepp_menu` (`id`, `menu_icon`, `menu_index`, `title`, `role_ids`, `parent_id`, `created_date`, `updated_date`) values('168',NULL,'/urole','权限管理','[17,19,0]','165','2019-10-15 16:56:35','2019-11-28 14:16:30');
insert into `sepp_menu` (`id`, `menu_icon`, `menu_index`, `title`, `role_ids`, `parent_id`, `created_date`, `updated_date`) values('169',NULL,'/about','系统说明','[-1]','165','2019-10-15 16:56:35','2019-10-15 16:56:35');
insert into `sepp_menu` (`id`, `menu_icon`, `menu_index`, `title`, `role_ids`, `parent_id`, `created_date`, `updated_date`) values('170','iconfont icon-mine','10','个人中心',NULL,'1','2019-10-15 16:56:35','2019-10-29 15:56:02');
insert into `sepp_menu` (`id`, `menu_icon`, `menu_index`, `title`, `role_ids`, `parent_id`, `created_date`, `updated_date`) values('171',NULL,'/message','消息中心','[-1]','170','2019-10-15 16:56:35','2019-10-15 16:56:35');
insert into `sepp_menu` (`id`, `menu_icon`, `menu_index`, `title`, `role_ids`, `parent_id`, `created_date`, `updated_date`) values('172',NULL,'/warning','告警中心','[-1]','170','2020-02-13 16:05:27','2020-02-14 14:46:13');
insert into `sepp_menu` (`id`, `menu_icon`, `menu_index`, `title`, `role_ids`, `parent_id`, `created_date`, `updated_date`) values('173',NULL,'/user','用户设置','[-1]','170','2019-10-15 16:56:35','2019-11-29 11:08:44');
insert into `sepp_menu` (`id`, `menu_icon`, `menu_index`, `title`, `role_ids`, `parent_id`, `created_date`, `updated_date`) values('174',NULL,'/history','操作历史','[-1]','170','2019-10-15 16:56:35','2020-02-14 14:48:10');
insert into `sepp_menu` (`id`, `menu_icon`, `menu_index`, `title`, `role_ids`, `parent_id`, `created_date`, `updated_date`) values('175',NULL,'/workset','工作台配置','[-1]','170','2019-11-06 18:34:04','2020-02-14 14:48:13');
insert into `sepp_menu` (`id`, `menu_icon`, `menu_index`, `title`, `role_ids`, `parent_id`, `created_date`, `updated_date`) values('182','iconfont icon-auth','11','权限配置',NULL,'1','2019-10-15 16:56:35','2020-02-14 14:47:39');
insert into `sepp_menu` (`id`, `menu_icon`, `menu_index`, `title`, `role_ids`, `parent_id`, `created_date`, `updated_date`) values('183',NULL,'/resources','资源配置','[17]','182','2019-10-15 16:56:35','2020-02-14 14:47:40');
insert into `sepp_menu` (`id`, `menu_icon`, `menu_index`, `title`, `role_ids`, `parent_id`, `created_date`, `updated_date`) values('184',NULL,'/menus','菜单配置','[17]','182','2019-10-15 16:56:35','2020-02-14 14:47:41');
insert into `sepp_menu` (`id`, `menu_icon`, `menu_index`, `title`, `role_ids`, `parent_id`, `created_date`, `updated_date`) values('185','1','/roles','角色配置','[17]','182','2019-10-15 17:00:33','2020-02-14 14:47:44');
insert into `sepp_menu` (`id`, `menu_icon`, `menu_index`, `title`, `role_ids`, `parent_id`, `created_date`, `updated_date`) values('186',NULL,'/instanceEnv','子路由页面1',NULL,'147','2019-10-24 13:50:40','2019-10-24 18:00:08');
insert into `sepp_menu` (`id`, `menu_icon`, `menu_index`, `title`, `role_ids`, `parent_id`, `created_date`, `updated_date`) values('187',NULL,'/jenkins-build','子路由页面2',NULL,'147','2019-10-24 13:53:35','2019-10-24 18:00:08');
insert into `sepp_menu` (`id`, `menu_icon`, `menu_index`, `title`, `role_ids`, `parent_id`, `created_date`, `updated_date`) values('189',NULL,'/buildDeployment','子路由页面1',NULL,'129','2019-10-24 15:03:34','2019-10-24 18:00:08');
insert into `sepp_menu` (`id`, `menu_icon`, `menu_index`, `title`, `role_ids`, `parent_id`, `created_date`, `updated_date`) values('193',NULL,'/sonarScan','子路由页面2',NULL,'129','2019-10-31 16:00:41','2019-10-31 16:00:41');
insert into `sepp_menu` (`id`, `menu_icon`, `menu_index`, `title`, `role_ids`, `parent_id`, `created_date`, `updated_date`) values('198',NULL,'/monitor','监控中心','[-1]','144','2019-11-25 15:47:24','2019-11-28 14:23:48');
insert into `sepp_menu` (`id`, `menu_icon`, `menu_index`, `title`, `role_ids`, `parent_id`, `created_date`, `updated_date`) values('199',NULL,'/jobs','任务管理','[17]','144','2019-12-06 15:06:54','2019-12-06 15:06:54');
insert into `sepp_menu` (`id`, `menu_icon`, `menu_index`, `title`, `role_ids`, `parent_id`, `created_date`, `updated_date`) values('200',NULL,'/sonar','代码扫描','[-1]','144','2020-01-09 16:01:15','2020-01-09 16:01:15');

/*Data for the table `sepp_message_gateway` */
insert  into `sepp_message_gateway`(`id`,`name`,`created_date`,`updated_date`) values (1,'实时推送','2019-05-24 11:22:44','2019-05-24 11:22:44'),(2,'邮件','2019-05-24 11:22:50','2019-05-24 11:22:50'),(3,'即时通讯','2019-05-24 11:22:54','2019-05-24 11:22:54');

/*Data for the table `sepp_object_type` */
insert  into `sepp_object_type`(`type_id`,`type_name`,`table_name`,`router_to`,`created_date`,`updated_date`) values (1,'测试用例','sepp_case_info','testcase','2019-04-19 09:33:04','2019-12-25 10:36:46'),(2,'产品需求','sepp_requirement','request','2019-04-19 09:33:08','2019-12-25 10:36:46'),(3,'发布清单','sepp_release_note','build','2019-05-28 10:38:11','2019-12-25 10:36:46'),(4,'版本计划','sepp_release','release','2019-04-19 09:33:16','2019-12-25 10:36:46'),(5,'产品缺陷','sepp_defects','defect','2019-04-19 09:33:20','2019-12-25 10:36:46'),(6,'开发任务','sepp_code_mission','missions','2019-04-19 09:33:24','2019-12-25 10:36:46'),(7,'测试计划','sepp_test_plan','testplan','2019-04-19 09:33:29','2019-12-25 10:36:46'),(8,'测试报告','sepp_test_report','testrpt','2019-04-19 09:35:57','2019-12-25 10:36:46'),(9,'测试场景','sepp_test_scenario','testexec','2019-04-19 09:36:59','2019-12-25 10:36:46'),(10,'用户信息','sepp_user','user','2019-04-19 09:37:04','2019-12-25 10:36:46'),(11,'产品信息','sepp_product','product','2019-04-19 09:37:09','2019-12-25 10:36:46'),(12,'产品模块','sepp_prod_module','module','2019-04-19 09:37:15','2019-12-25 10:36:46'),(13,'用户权限','sepp_privileges','urole','2019-04-19 09:37:20','2019-12-25 10:36:46'),(14,'环境信息','sepp_environment','env','2019-04-19 09:37:27','2019-12-25 10:36:46'),(15,'用例步骤','sepp_case_step','testcase','2019-04-19 09:37:32','2019-12-25 10:36:46'),(16,'团队信息','sepp_organization','team','2019-04-19 09:37:36','2019-12-25 10:36:46'),(17,'线上问题','sepp_problem','problem','2019-04-19 09:37:41','2019-12-25 10:36:46'),(18,'测试任务','sepp_test_mission','missions','2019-04-19 09:37:46','2019-12-25 10:36:46'),(19,'产品文档','sepp_product_docs','prdocs','2019-05-14 08:50:43','2019-12-25 10:36:46'),(20,'产品分支','sepp_product_branch','branch','2019-07-08 09:27:39','2019-12-25 10:36:46'),(21,'需求审批','sepp_pr_audit','reqbpmn','2019-09-02 14:21:01','2019-12-25 10:36:46');

/*Data for the table `sepp_pr_status` */
insert  into `sepp_pr_status`(`status_id`,`status_name`,`created_date`,`updated_date`) values (0,'需求作废','2019-09-10 19:03:21','2019-09-10 19:05:13'),(1,'已提交','2019-09-10 19:03:21','2019-09-10 19:05:29'),(2,'已送审','2019-09-10 19:03:21','2019-09-10 19:05:31'),(3,'审核通过','2019-09-10 19:03:21','2019-09-10 19:05:34'),(4,'审核拒绝','2019-09-10 19:03:40','2019-09-10 19:05:34');

/*Data for the table `sepp_problem_improve` */
insert  into `sepp_problem_improve`(`id`,`type`,`type_desc`,`sub_type`,`sub_desc`,`created_date`,`updated_date`) values (1,1,'编码工作',1,'强化关联性评估','2019-05-28 10:31:55','2019-05-28 10:32:13'),(2,1,'编码工作',2,'加强代码规范落实','2019-05-28 10:31:57','2019-05-28 10:32:17'),(3,1,'编码工作',3,'加强代码版本管理','2019-05-28 10:31:59','2019-05-28 10:32:26'),(4,1,'编码工作',4,'编码基础技能培训','2019-05-28 10:32:01','2019-05-28 10:32:29'),(5,1,'编码工作',5,'强化代码提交及发布规范','2019-05-28 10:32:02','2019-05-28 10:32:31'),(6,1,'编码工作',6,'强化执行代码复审','2019-05-28 10:32:04','2019-05-28 10:32:34'),(7,1,'编码工作',7,'其他编码相关','2019-05-28 10:32:12','2019-05-28 10:32:37'),(8,2,'设计工作',1,'交互设计改进','2019-05-28 10:32:47','2019-05-28 10:33:22'),(9,2,'设计工作',2,'架构及架构模式优化','2019-05-28 10:32:50','2019-05-28 10:33:19'),(10,2,'设计工作',3,'设计模式优化','2019-05-28 10:32:51','2019-05-28 10:33:17'),(11,2,'设计工作',4,'更换或升级第三方框架','2019-05-28 10:32:54','2019-05-28 10:33:14'),(12,2,'设计工作',5,'强化技术选型POC','2019-05-28 10:32:55','2019-05-28 10:33:12'),(13,2,'设计工作',6,'加强设计评审','2019-05-28 10:32:57','2019-05-28 10:33:09'),(14,2,'设计工作',7,'其他设计相关','2019-05-28 10:32:59','2019-05-28 10:33:06'),(15,3,'测试工作',1,'强化测试需求分析','2019-05-28 10:33:35','2019-05-28 10:34:06'),(16,3,'测试工作',2,'强化测试用例评审','2019-05-28 10:33:37','2019-05-28 10:34:09'),(17,3,'测试工作',3,'强化缺陷跟踪效率','2019-05-28 10:33:38','2019-05-28 10:34:12'),(18,3,'测试工作',4,'增加回归测试场景','2019-05-28 10:33:42','2019-05-28 10:34:15'),(19,3,'测试工作',5,'强化兼容性测试','2019-05-28 10:33:46','2019-05-28 10:34:18'),(20,3,'测试工作',6,'强化性能和容量测试','2019-05-28 10:33:50','2019-05-28 10:34:21'),(21,3,'测试工作',7,'加强测试环境管理','2019-05-28 10:33:53','2019-05-28 10:34:23'),(22,3,'测试工作',8,'增加专项测试环境','2019-05-28 10:33:57','2019-05-28 10:34:26'),(23,3,'测试工作',9,'其他测试相关','2019-05-28 10:34:04','2019-05-28 10:34:27'),(24,4,'运维工作',1,'增加新的监控','2019-05-28 10:34:45','2019-05-28 10:35:51'),(25,4,'运维工作',2,'提升监控问题处理及时性','2019-05-28 10:34:47','2019-05-28 10:35:48'),(26,4,'运维工作',3,'提升线上异常恢复效率','2019-05-28 10:34:50','2019-05-28 10:35:45'),(27,4,'运维工作',4,'更换或升级第三方服务','2019-05-28 10:34:54','2019-05-28 10:35:42'),(28,4,'运维工作',5,'更换硬件或设备','2019-05-28 10:35:00','2019-05-28 10:35:39'),(29,4,'运维工作',6,'硬件扩容或应用扩容','2019-05-28 10:35:05','2019-05-28 10:35:36'),(30,4,'运维工作',7,'严格执行发布评审','2019-05-28 10:35:09','2019-05-28 10:35:32'),(31,4,'运维工作',8,'增加预发布环境及应用','2019-05-28 10:35:13','2019-05-28 10:35:29'),(32,4,'运维工作',9,'严格线上操作权限控制','2019-05-28 10:35:17','2019-05-28 10:35:25'),(33,4,'运维工作',10,'其他运维相关','2019-05-28 10:35:23','2019-05-28 10:35:23'),(34,5,'产品工作',1,'明确或优化产品规划','2019-05-28 10:36:00','2019-05-28 10:36:29'),(35,5,'产品工作',2,'完善需求文档','2019-05-28 10:36:04','2019-05-28 10:36:26'),(36,5,'产品工作',3,'加强需求评审','2019-05-28 10:36:12','2019-05-28 10:36:25'),(37,5,'产品工作',4,'其他产品相关','2019-05-28 10:36:17','2019-05-28 10:36:17'),(38,6,'质量工作',1,'研发过程规范优化','2019-05-28 10:36:41','2019-05-28 10:36:41'),(39,6,'质量工作',2,'过程规范执行强化','2019-05-28 10:36:44','2019-05-28 10:37:01'),(40,6,'质量工作',3,'追加到PMO知识库并推广','2019-05-28 10:36:49','2019-05-28 10:36:58'),(41,6,'质量工作',4,'其他质量相关','2019-05-28 10:36:55','2019-05-28 10:36:55'),(42,0,'暂无',0,'暂无','2019-06-14 11:12:20','2019-06-14 11:12:20');

/*Data for the table `sepp_problem_resolve` */
insert  into `sepp_problem_resolve`(`method_id`,`method_name`,`created_date`,`updated_date`) values (1,'转报PIR需求','2019-04-19 09:43:25','2019-05-28 14:16:34'),(2,'修改产品特性','2019-04-19 09:43:30','2019-05-28 14:16:38'),(3,'直接解决','2019-04-19 09:43:33','2019-04-19 09:43:33'),(4,'其他方式','2019-04-19 09:43:37','2019-04-19 09:43:37'),(5,'拒绝','2019-10-16 17:40:45','2019-10-16 17:40:45');

/*Data for the table `sepp_problem_status` */
insert  into `sepp_problem_status`(`status_id`,`status_name`,`created_date`,`updated_date`) values (0,'已关闭','2019-04-19 09:41:59','2019-04-19 09:42:04'),(1,'已提交','2019-04-19 09:41:44','2019-04-19 09:41:44'),(2,'处理中','2019-04-19 09:41:48','2019-05-28 14:16:52'),(3,'已解决','2019-04-19 09:41:52','2019-05-28 14:16:57');

/*Data for the table `sepp_problem_type` */
insert  into `sepp_problem_type`(`id`,`type`,`type_desc`,`sub_type`,`sub_desc`,`created_date`,`updated_date`) values (1,1,'软件缺陷',1,'程序功能问题','2019-05-28 10:27:35','2019-05-28 10:27:57'),(2,1,'软件缺陷',2,'程序功能隐患','2019-05-28 10:27:38','2019-05-28 10:28:00'),(3,1,'软件缺陷',3,'程序性能问题','2019-05-28 10:27:42','2019-05-28 10:28:04'),(4,1,'软件缺陷',4,'程序性能隐患','2019-05-28 10:27:44','2019-05-28 10:28:09'),(5,1,'软件缺陷',5,'程序安全性问题','2019-05-28 10:27:45','2019-05-28 10:28:13'),(6,1,'软件缺陷',6,'程序安全性隐患','2019-05-28 10:27:47','2019-05-28 10:28:17'),(7,1,'软件缺陷',7,'程序兼容性问题','2019-05-28 10:27:48','2019-05-28 10:28:21'),(8,1,'软件缺陷',8,'历史数据兼容问题','2019-05-28 10:27:51','2019-05-28 10:28:27'),(9,2,'服务端环境问题',1,'数据库问题','2019-05-28 10:28:32','2019-05-28 10:28:47'),(10,2,'服务端环境问题',2,'容器/中间件问题','2019-05-28 10:28:34','2019-05-28 10:28:57'),(11,2,'服务端环境问题',3,'操作系统问题','2019-05-28 10:28:36','2019-05-28 10:28:59'),(12,2,'服务端环境问题',4,'服务器资源问题','2019-05-28 10:28:39','2019-05-28 10:29:03'),(13,2,'服务端环境问题',5,'服务器硬件问题','2019-05-28 10:28:41','2019-05-28 10:29:06'),(14,2,'服务端环境问题',6,'网络问题','2019-05-28 10:28:43','2019-05-28 10:29:11'),(15,3,'客户端环境问题',1,'客户端环境问题','2019-05-28 10:29:21','2019-05-28 10:29:21'),(16,4,'需求问题',1,'需求不完善','2019-05-28 10:29:29','2019-05-28 10:29:41'),(17,4,'需求问题',2,'需求不明确','2019-05-28 10:29:31','2019-05-28 10:29:42'),(18,4,'需求问题',3,'变更流程非法操作','2019-05-28 10:29:33','2019-05-28 10:29:45'),(19,5,'其他问题',1,'第三方软件/框架问题','2019-05-28 10:29:56','2019-05-28 10:30:20'),(20,5,'其他问题',2,'关联系统/模块问题','2019-05-28 10:29:59','2019-05-28 10:30:25'),(21,5,'其他问题',3,'部署操作问题','2019-05-28 10:30:01','2019-05-28 10:30:30'),(22,5,'其他问题',4,'监控误告警','2019-05-28 10:30:03','2019-05-28 10:30:33'),(23,5,'其他问题',5,'客户咨询类问题','2019-05-28 10:30:08','2019-05-28 10:30:36'),(24,5,'其他问题',6,'不明问题','2019-05-28 10:30:11','2019-05-28 10:30:36'),(25,6,'非线上问题',1,'误操作数据','2019-10-16 17:40:45','2019-10-16 17:40:45');

/*Data for the table `sepp_rel_status` */
insert  into `sepp_rel_status`(`status_id`,`status_name`,`created_date`,`updated_date`) values (0,'已关闭','2019-04-19 10:33:32','2019-04-19 10:33:37'),(1,'已建立','2019-04-19 10:33:47','2019-04-19 10:35:04'),(2,'已评审','2019-04-19 10:58:18','2019-10-16 17:40:11'),(3,'开发中','2019-04-19 10:58:27','2019-10-16 17:40:11'),(4,'已提测','2019-04-19 10:58:30','2019-10-16 17:40:11'),(5,'已封版','2019-04-19 10:58:40','2019-10-16 17:40:11'),(6,'已发布','2019-04-19 10:58:44','2019-10-16 17:40:11'),(7,'已合并','2019-04-19 10:58:50','2019-10-16 17:40:11');

/*Data for the table `sepp_relate_type` */
insert  into `sepp_relate_type`(`type_id`,`type_name`,`created_date`,`updated_date`) values (1,'缺陷','2019-04-19 13:45:17','2019-04-19 13:45:17'),(2,'产品需求','2019-04-19 13:45:20','2019-09-27 14:41:35'),(3,'编码任务','2019-04-19 13:45:23','2019-04-19 13:45:23');

/*Data for the table `sepp_releasenote_status` */
insert  into `sepp_releasenote_status`(`status_id`,`status_name`,`created_date`,`updated_date`) values (0,'已关闭','2019-04-18 18:23:26','2019-04-18 18:24:13'),(1,'已创建','2019-04-18 18:22:28','2019-04-18 18:22:28'),(2,'构建中','2019-04-18 18:22:37','2019-04-18 18:22:37'),(3,'已完成','2019-04-18 18:23:04','2019-04-18 18:23:04'),(4,'异常终止','2019-04-18 18:23:13','2019-05-28 14:12:18');

/*Data for the table `sepp_report_type` */
insert  into `sepp_report_type`(`type_id`,`type_name`,`created_date`,`updated_date`) values (1,'测试进度报告','2019-04-19 11:09:11','2019-04-19 11:09:11'),(2,'测试出口报告','2019-04-19 11:09:16','2019-04-19 11:09:16'),(3,'测试封版报告','2019-04-19 11:09:18','2019-04-19 11:09:18');

/*Data for the table `sepp_req_close_style` */
insert  into `sepp_req_close_style`(`style_id`,`style_name`,`tips`,`created_date`,`updated_date`) values (1,'正常关闭','如，需求完成','2019-08-15 18:25:46','2019-08-15 18:25:46'),(2,'误提交数据','如，不小心重复提交的数据','2019-08-15 18:25:52','2019-08-15 18:25:52'),(3,'取消开发','如，市场、监管、公司战略调整，或考虑不够成熟等','2019-08-15 18:25:58','2019-09-10 19:02:23'),(4,'延期复制','需求未完成开发，通过复制新的子需求继续进行开发','2019-10-16 17:40:21','2019-10-16 17:40:21');

/*Data for the table `sepp_req_priority` */
insert  into `sepp_req_priority`(`priority_id`,`priority_name`,`created_date`,`updated_date`) values (1,'0-Day','2019-04-19 10:24:05','2019-04-19 10:24:05'),(2,'紧急','2019-04-19 10:24:09','2019-04-19 10:24:09'),(3,'普通','2019-04-19 10:24:13','2019-04-19 10:24:13'),(4,'远期','2019-04-19 10:24:16','2019-04-19 10:24:16');

/*Data for the table `sepp_req_status` */
insert  into `sepp_req_status`(`status_id`,`status_name`,`created_date`,`updated_date`) values (0,'已关闭','2019-04-18 17:19:04','2019-04-18 17:19:07'),(1,'已创建','2019-04-18 17:18:51','2019-04-18 17:18:51'),(2,'已排期','2019-08-05 16:34:23','2019-10-16 17:39:38'),(3,'已拆分','2019-04-18 17:18:56','2019-08-05 16:34:23'),(4,'编码中','2019-04-18 17:18:58','2019-10-16 17:39:38'),(5,'已提测','2019-04-18 17:19:01','2019-10-16 17:39:38'),(6,'已完成','2019-04-18 17:19:04','2019-08-05 16:34:23');

/*Data for the table `sepp_req_type` */
insert  into `sepp_req_type`(`type_id`,`type_name`,`created_date`,`updated_date`) values (1,'原始需求','2019-04-19 10:22:26','2019-04-19 10:22:26'),(2,'技术优化','2019-04-19 10:22:30','2019-09-11 11:27:59'),(3,'线上转报','2019-04-19 10:22:35','2019-04-19 10:22:35'),(4,'业务意向','2019-06-20 08:45:24','2019-06-20 08:45:24'),(5,'延期衍生','2019-10-17 16:50:46','2019-10-17 16:50:46');

/*Data for the table `sepp_resource_config` */

/*Data for the table `sepp_setting_config` */
insert  into `sepp_setting_config`(`id`,`setting_type`,`setting_name`,`setting_limit`,`setting_keys`,`created_date`,`updated_date`) values (1,'MAIL','邮件服务配置',1,'[{\"paramKey\":\"mailServer\",\"paramLabel\":\"邮件服务器\",\"defaultValue\":\"\",\"longInput\":true,\"isPassword\":false,\"valueUnique\":true},{\"paramKey\":\"mailSender\",\"paramLabel\":\"发件人账户\",\"defaultValue\":\"\",\"longInput\":true,\"isPassword\":false,\"valueUnique\":true},{\"paramKey\":\"password\",\"paramLabel\":\"账户密码\",\"defaultValue\":\"\",\"longInput\":false,\"isPassword\":true,\"valueUnique\":false}]','2018-12-13 14:01:40','2020-02-10 15:38:38');
insert  into `sepp_setting_config`(`id`,`setting_type`,`setting_name`,`setting_limit`,`setting_keys`,`created_date`,`updated_date`) values (2,'LDAP','LDAP认证配置',0,'[{\"paramKey\":\"domainName\",\"paramLabel\":\"AD服务域名\",\"defaultValue\":\"\",\"longInput\":false,\"isPassword\":false,\"valueUnique\":true},{\"paramKey\":\"ldapServer\",\"paramLabel\":\"AD服务地址\",\"defaultValue\":\"\",\"longInput\":true,\"isPassword\":false,\"valueUnique\":true},{\"paramKey\":\"ldapPort\",\"paramLabel\":\"AD服务端口\",\"defaultValue\":\"\",\"longInput\":false,\"isPassword\":false,\"valueUnique\":false}]','2018-12-13 14:02:08','2020-02-10 15:38:42');
insert  into `sepp_setting_config`(`id`,`setting_type`,`setting_name`,`setting_limit`,`setting_keys`,`created_date`,`updated_date`) values (3,'JENKINS','Jenkins配置',3,'[{\"paramKey\":\"builderServer\",\"paramLabel\":\"Jenkins地址\",\"defaultValue\":\"http://ci.purang.com\",\"longInput\":true,\"isPassword\":false,\"valueUnique\":true},{\"paramKey\":\"builderUser\",\"paramLabel\":\"Jenkins账户\",\"defaultValue\":\"admin\",\"longInput\":false,\"isPassword\":false,\"valueUnique\":false},{\"paramKey\":\"password\",\"paramLabel\":\"Jenkins密码\",\"defaultValue\":\"Purang123\",\"longInput\":false,\"isPassword\":true,\"valueUnique\":false},{\"paramKey\":\"serverType\",\"paramLabel\":\"jenkins类型\",\"longInput\":false,\"isPassword\":false,\"valueUnique\":true}]','2018-12-13 14:02:43','2020-02-10 15:38:46');
insert  into `sepp_setting_config`(`id`,`setting_type`,`setting_name`,`setting_limit`,`setting_keys`,`created_date`,`updated_date`) values (4,'GIT','版本管理配置',2,'[{\"paramKey\":\"repoUrl\",\"paramLabel\":\"仓库URL\",\"defaultValue\":\"http://gitlab.purang.com/sqa\",\"longInput\":true,\"isPassword\":false,\"valueUnique\":true},{\"paramKey\":\"apiToken\",\"paramLabel\":\"仓库密码\",\"defaultValue\":\"Purang123\",\"longInput\":false,\"isPassword\":false,\"valueUnique\":false}]','2018-12-13 14:03:04','2020-02-10 15:38:50');
insert  into `sepp_setting_config`(`id`,`setting_type`,`setting_name`,`setting_limit`,`setting_keys`,`created_date`,`updated_date`) values (5,'SONAR','SonarQube配置',1,'[{\"paramKey\":\"baseHost\",\"paramLabel\":\"服务地址\",\"longInput\":false,\"isPassword\":false,\"valueUnique\":false},{\"paramKey\":\"login\",\"paramLabel\":\"登录名\",\"longInput\":false,\"isPassword\":false,\"valueUnique\":false},{\"paramKey\":\"password\",\"paramLabel\":\"密码\",\"longInput\":false,\"isPassword\":true,\"valueUnique\":false}]','2019-11-05 11:23:17','2020-02-10 15:38:54');

/*Data for the table `sepp_settings` */
insert  into `sepp_settings`(`id`,`config_id`,`setting_value`,`create_user`,`created_date`,`updated_date`) values (1,1,'[{\"mailServer\":\"smtp.purang.com\",\"mailSender\":\"autotest@purang.com\",\"password\":\"Purang123\"}]',1,'2018-12-13 10:52:03','2019-10-16 17:40:01');
insert  into `sepp_settings`(`id`,`config_id`,`setting_value`,`create_user`,`created_date`,`updated_date`) values (2,2,'[{\"domainName\":\"PURANG\",\"ldapServer\":\"10.10.160.5\",\"ldapPort\":\"389\"}]',1,'2018-12-13 11:13:50','2019-10-16 17:40:01');
insert  into `sepp_settings`(`id`,`config_id`,`setting_value`,`create_user`,`created_date`,`updated_date`) values (3,3,'[{\"builderServer\":\"http://ci.purang.com/\",\"builderUser\":\"cctest\",\"password\":\"11c66ae929bd59799d4038c12013fdbedf\",\"serverType\":\"ORDINARY\"},{\"builderServer\":\"http://10.10.31.25:8080/\",\"builderUser\":\"sepp\",\"password\":\"11cf56067fd6ce9c7027e2ec5378c16d5b\",\"serverType\":\"IOS\"},{\"builderServer\":\"http://10.10.64.105:8080/\",\"builderUser\":\"sepp\",\"password\":\"115718be7165ab3b57448ad6ddc29ab373\",\"serverType\":\"ANDROID\"}]',1,'2018-12-13 11:14:39','2019-10-16 17:40:01');
insert  into `sepp_settings`(`id`,`config_id`,`setting_value`,`create_user`,`created_date`,`updated_date`) values (4,4,'[{\"repoUrl\":\"http://gitpurang.purang.com\",\"apiToken\":\"xS3sW_R3PLNosQL4ZZtH\"},{\"repoUrl\":\"http://gitlab.purang.com\",\"apiToken\":\"syfiwXCc8F2pEfbKjKo4\"}]',1,'2018-12-13 11:14:54','2020-01-22 11:46:14');
insert  into `sepp_settings`(`id`,`config_id`,`setting_value`,`create_user`,`created_date`,`updated_date`) values (5,5,'[{\"baseHost\":\"http://10.10.64.106:9000/\",\"login\":\"admin\",\"password\":\"admin\"}]',1,'2019-11-05 11:23:17','2020-02-13 16:08:49');

/*Data for the table `sepp_test_means` */
insert  into `sepp_test_means`(`means_id`,`means_name`,`created_date`,`updated_date`) values (1,'手动测试','2019-04-19 11:15:45','2019-04-19 11:15:45'),(2,'自动化测试','2019-04-19 11:15:48','2019-04-19 11:15:48'),(3,'静态评审','2019-04-19 11:15:50','2019-04-19 11:15:50');

/*Data for the table `sepp_test_period` */
insert  into `sepp_test_period`(`period_id`,`period_name`,`alias`,`created_date`,`updated_date`) values (1,'单元测试','UT','2019-04-18 13:50:49','2019-04-19 11:07:40'),(2,'集成测试','SIT','2019-04-18 13:50:53','2019-04-19 11:07:44'),(3,'冒烟测试','SMT','2019-04-18 13:50:56','2019-04-19 11:07:50'),(4,'系统测试','ST','2019-04-18 13:51:00','2019-04-19 11:07:54'),(5,'验收测试','UAT','2019-04-18 13:51:06','2019-04-19 11:07:58'),(6,'回归测试','RET','2019-04-18 13:51:07','2019-04-19 11:08:01');

/*Data for the table `sepp_test_priority` */
insert  into `sepp_test_priority`(`priority_id`,`priority_name`,`created_date`,`updated_date`) values (1,'高','2019-04-19 11:14:37','2019-04-19 11:14:37'),(2,'中','2019-04-19 11:14:41','2019-04-19 11:14:41'),(3,'低','2019-04-19 11:14:42','2019-04-19 11:14:42');

/*Data for the table `sepp_test_result_status` */
insert  into `sepp_test_result_status`(`status_id`,`status_name`,`created_date`,`updated_date`) values (1,'运行通过','2019-06-06 18:37:48','2019-06-06 18:37:48'),(2,'运行失败','2019-06-06 18:37:51','2019-06-06 18:37:51'),(3,'依赖受阻','2019-06-06 18:37:56','2019-06-06 18:37:56'),(4,'未完成','2019-06-06 18:37:57','2019-06-06 18:37:57'),(5,'未运行','2019-06-06 18:38:01','2019-06-06 18:38:01');

/*Data for the table `sepp_test_status` */
insert  into `sepp_test_status`(`status_id`,`status_name`,`created_date`,`updated_date`) values (1,'新建','2019-04-19 11:11:48','2019-04-19 11:11:48'),(2,'已设计','2019-04-19 11:11:52','2019-04-19 11:11:52'),(3,'已评审','2019-04-19 11:11:56','2019-04-19 11:11:56'),(4,'已执行','2019-04-19 11:11:59','2019-04-19 11:11:59'),(5,'已失效','2019-04-19 11:12:00','2019-04-19 11:12:00');

/*Data for the table `sepp_test_type` */
insert  into `sepp_test_type`(`type_id`,`type_name`,`created_date`,`updated_date`) values (1,'功能测试','2019-04-19 11:09:57','2019-04-19 11:09:57'),(2,'性能测试','2019-04-19 11:10:00','2019-04-19 11:10:00'),(3,'容量测试','2019-04-19 11:10:04','2019-04-19 11:10:04'),(4,'安全性测试','2019-04-19 11:10:07','2019-04-19 11:10:07'),(5,'兼容性测试','2019-04-19 11:10:12','2019-04-19 11:10:12'),(6,'静态评审','2019-04-19 11:10:15','2019-04-19 11:10:15'),(7,'其他','2019-04-19 11:10:17','2019-04-19 11:10:17');

/*Data for the table `sepp_tm_status` */
insert  into `sepp_tm_status`(`status_id`,`status_name`,`created_date`,`updated_date`) values (0,'已关闭','2019-04-18 16:27:19','2019-04-18 16:27:22'),(1,'未提测','2019-04-18 16:27:06','2019-04-18 16:27:06'),(2,'测试中','2019-04-18 16:27:09','2019-04-18 16:27:09'),(3,'已完成','2019-04-18 16:27:13','2019-04-18 16:27:13');

/*Data for the table `sepp_user` */
insert into `sepp_user` (`user_id`, `user_account`, `password`, `user_name`, `user_email`, `favicon_id`, `team_id`, `is_valid`, `is_vendor`, `created_date`, `updated_date`) values('0','ADMIN','998ED4D621742D0C2D85ED84173DB569AFA194D4597686CAE947324AA58AB4BB','admin','ADMIN@SEPP.COM','543',NULL,'Y','N','2020-02-11 10:40:39','2020-02-11 10:40:39');

/*Data for the table `sepp_user_setting` */
insert into `sepp_user_setting` (`id`, `user_id`, `message_on`, `message_subscribe`, `email_subscribe`, `portal_config`, `dialog_auto_close`, `auto_login`, `auto_refresh`, `table_show_border`, `table_page_size`, `created_date`, `updated_date`) values('1','0','1','1,2,3,4,5,6,7,8,9,10,11,12,13,14,15,16,17,18,19,20,21','1,2,3,4,5,6,7,8,9,10,11,12,13,14,15,16,17,18,19,20,21','1,3,4,5,6,7','1','0','1','0','20','2020-02-11 10:49:12','2020-02-11 10:49:12');

/*Data for the table `sepp_privileges` */
insert  into `sepp_privileges`(`priv_id`,`user_id`,`role_id`,`product_id`,`created_date`,`updated_date`) values (1,0,0,0,'2018-04-13 15:29:26','2018-05-07 12:31:49');
insert  into `sepp_privileges`(`priv_id`,`user_id`,`role_id`,`product_id`,`created_date`,`updated_date`) values (2,0,17,0,'2018-04-13 15:29:26','2018-05-07 12:31:49');

/*Data for the table `sepp_user_role` */
insert  into `sepp_user_role`(`role_id`,`role_code`,`role_name`,`role_desc`,`is_valid`,`created_date`,`updated_date`) values (0,'PADM','项目管理员','组织内项目/产品级管理员，用于设置一些东西但是不具备业务操作权限','Y','2018-05-07 09:07:50','2019-10-23 14:50:02'),(1,'PD','产品经理','产品经理角色','Y','2018-05-05 19:29:18','2019-11-27 11:01:25'),(2,'SRM','版本经理','版本经理角色','Y','2018-05-05 19:29:37','2019-10-23 15:08:58'),(3,'SDM','开发经理','开发经理角色','Y','2018-05-05 19:29:47','2019-10-23 15:08:58'),(4,'STM','测试经理','测试经理角色','Y','2018-05-05 19:29:52','2019-10-23 15:08:58'),(5,'SDE','开发工程师','开发工程师角色','Y','2018-05-05 19:30:05','2019-10-23 15:08:58'),(6,'STE','测试工程师','测试工程师角色','Y','2018-05-05 19:30:09','2019-10-23 15:08:58'),(7,'SCM','配置管理员','配置管理员角色','Y','2018-05-05 19:30:17','2019-10-23 15:08:58'),(8,'SOM','运维经理','运维经理角色','Y','2018-05-05 19:30:53','2019-10-23 15:08:58'),(9,'SOE','运维工程师','运维工程师角色','Y','2018-05-05 19:30:59','2019-10-23 15:08:58'),(10,'PM','项目经理','项目经理角色','Y','2018-05-05 19:31:11','2019-10-23 15:08:58'),(11,'UED','界面设计','界面设计角色','Y','2018-05-05 19:31:32','2019-10-23 15:28:32'),(12,'SA','架构师','架构师角色','Y','2018-05-05 19:34:44','2019-10-23 15:08:58'),(13,'SQA','质量控制','质量控制角色','Y','2018-05-06 08:16:58','2019-10-23 15:08:58'),(14,'USER','业务用户','业务用户角色','Y','2019-06-20 08:44:27','2019-10-23 15:08:58'),(15,'RPT','报表查询','报表查询角色','Y','2019-07-05 12:35:48','2019-10-23 15:08:58'),(16,'PDD','产品总监','产品总监角色','Y','2019-08-23 17:02:02','2019-10-23 15:08:58'),(17,'SEPP','超级管理员','超级管理员角色','Y','2019-10-22 13:49:09','2019-10-23 15:08:58'),(18,'DEVOPS','DEVOPS工程师','DEVOPS工程师','Y','2019-10-22 15:32:20','2019-10-23 14:52:56'),(19,'GADM','组织管理员','组织/项目群的超级管理员，负责组织内部的系统设置和权限管理等配置','Y','2019-10-23 14:51:06','2019-10-23 14:51:06'),(20,'GUEST','访客','未登录用户','Y','2019-10-23 14:53:42','2019-10-23 14:53:42'),(22,'DTCON','缺陷协调人','缺陷测试协调人，负责确认缺陷有效性并转交开发协调人','Y','2019-10-23 15:18:58','2019-10-23 15:23:59'),(23,'DDCON','修复协调人','缺陷修复协调人，负责确认缺陷有效性并分配给具体的开发人员','Y','2019-10-23 15:19:32','2019-10-23 15:24:03'),(24,'SALES','销售','销售','Y','2019-10-23 15:20:01','2019-10-23 15:20:01'),(25,'SD','销售总监','销售总监','Y','2019-10-23 15:20:20','2019-10-23 15:20:20'),(26,'CHIEF','高管','组织内部的顶级干系人：高管团队','Y','2019-10-23 15:20:57','2019-10-23 15:20:57'),(27,'PO','产品负责人','产品负责人','Y','2019-10-23 15:27:44','2019-10-23 15:27:44'),(28,'POPR','产品运营','产品运营','Y','2019-10-23 15:28:02','2019-10-23 15:28:02'),(29,'INC','事件响应','运维监控用户','Y','2019-10-23 15:29:18','2019-10-23 15:44:42'),(30,'ITCHIEF','IT高管','IT高管','Y','2019-12-11 13:39:52','2019-12-11 13:39:52');

/*Data for the table `sepp_warning_level` */
insert  into `sepp_warning_level`(`level_id`,`level_name`,`created_date`,`updated_date`) values (1,'一般','2019-04-19 14:00:06','2019-04-19 14:00:06'),(2,'重要','2019-04-19 14:00:10','2019-04-19 14:00:10'),(3,'严重','2019-04-19 14:00:13','2019-04-19 14:00:13'),(4,'致命','2019-04-19 14:00:16','2019-04-19 14:00:16');

/*Data for the table `sepp_warning_rules` */
insert  into `sepp_warning_rules`(`id`,`type`,`sub_type`,`level`,`target_type`,`title`,`expression`,`updated_date`,`created_date`) values (1,1,1,1,4,'实际发现缺陷数与理想缺陷数偏差达到20%','(expectDefect - foundDefect) / expectDefect >= 0.2 && (expectDefect - foundDefect) / expectDefect < 0.5','2015-08-31 13:41:47','2014-12-23 16:28:36'),(2,1,1,2,4,'实际发现缺陷数与理想缺陷数偏差达到50%','(expectDefect - foundDefect) / expectDefect >= 0.5 && (expectDefect - foundDefect) / expectDefect < 0.8','2015-08-31 13:41:49','2014-12-23 16:28:42'),(3,1,1,3,4,'实际发现缺陷数与理想缺陷数偏差达到80%','(expectDefect - foundDefect) / expectDefect >= 0.8','2015-08-31 13:41:50','2014-12-23 16:29:38'),(4,1,2,1,4,'已修复缺陷与已发现缺陷数量偏差值大于20%','(foundDefect - fixedDefect) / foundDefect >= 0.2 && (foundDefect - fixedDefect) / foundDefect < 0.5','2015-08-31 13:41:52','2014-12-23 16:34:26'),(5,1,2,2,4,'已修复缺陷与已发现缺陷数量偏差值大于50%','(foundDefect - fixedDefect) / foundDefect >= 0.5 && (foundDefect - fixedDefect) / foundDefect < 0.8','2015-08-31 13:41:52','2014-12-23 16:34:26'),(6,1,2,3,4,'已修复缺陷与已发现缺陷数量偏差值大于80%','(foundDefect - fixedDefect) / foundDefect >= 0.8','2015-08-31 13:41:52','2014-12-23 16:34:26'),(7,1,3,1,4,'已验证缺陷与已修复缺陷数量偏差值大于20%','(fixedDefect - closedDefect) / fixedDefect >= 0.2 && (fixedDefect - closedDefect) / fixedDefect < 0.5','2015-08-31 13:41:57','2014-12-24 09:58:12'),(8,1,3,2,4,'已验证缺陷与已修复缺陷数量偏差值大于50%','(fixedDefect - closedDefect) / fixedDefect >= 0.5 && (fixedDefect - closedDefect) / fixedDefect < 0.8','2015-08-31 13:41:57','2014-12-24 09:58:12'),(9,1,3,3,4,'已验证缺陷与已修复缺陷数量偏差值大于80%','(fixedDefect - closedDefect) / fixedDefect >= 0.8','2015-08-31 13:41:57','2014-12-24 09:58:12'),(10,2,1,1,4,'未关联需求的缺陷占比达20%','(foundDefect - noneReqDefect) / foundDefect >= 0.2 && (foundDefect - noneReqDefect) / foundDefect < 0.5','2015-06-15 15:04:02','2015-06-15 15:04:02'),(11,2,1,2,4,'未关联需求的缺陷占比达50%','(foundDefect - noneReqDefect) / foundDefect >= 0.5 && (foundDefect - noneReqDefect) / foundDefect < 0.8','2015-06-12 09:29:45','2015-06-12 09:29:45'),(12,2,1,3,4,'未关联需求的缺陷占比达80%','(foundDefect - noneReqDefect) / foundDefect >= 0.8','2015-06-12 09:31:30','2015-06-12 09:31:30'),(13,2,2,1,4,'无模块归属的缺陷占比达20%','(foundDefect - noneModuleDefect) / foundDefect >= 0.2 && (foundDefect - noneModuleDefect) / foundDefect < 0.5','2015-06-15 15:05:56','2015-06-15 15:05:56'),(14,2,2,2,4,'无模块归属的缺陷占比达50%','(foundDefect - noneModuleDefect) / foundDefect >= 0.5 && (foundDefect - noneModuleDefect) / foundDefect < 0.8','2015-06-12 09:32:23','2015-06-12 09:32:23'),(15,2,2,3,4,'无模块归属的缺陷占比达80%','(foundDefect - noneModuleDefect) / foundDefect >= 0.8','2015-06-12 09:34:29','2015-06-12 09:34:29'),(16,2,1,1,4,'单个需求缺陷占比超出均值达20%','(reqMaxDefect - reqAvgDefect) / reqAvgDefect >= 0.2 && (reqMaxDefect - reqAvgDefect) / reqAvgDefect < 0.5','2015-06-15 15:04:02','2015-06-15 15:04:02'),(17,2,1,2,4,'单个需求缺陷占比超出均值达50%','(reqMaxDefect - reqAvgDefect) / reqAvgDefect >= 0.5 && (reqMaxDefect - reqAvgDefect) / reqAvgDefect < 0.8','2015-06-12 09:29:45','2015-06-12 09:29:45'),(18,2,1,3,4,'单个需求缺陷占比超出均值达80%','(reqMaxDefect - reqAvgDefect) / reqAvgDefect >= 0.8','2015-06-12 09:31:30','2015-06-12 09:31:30'),(19,2,2,1,4,'单个模块缺陷占比超出均值达20%','(moduleMaxDefect - moduleAvgDefect) / moduleAvgDefect >= 0.2 && (moduleMaxDefect - moduleAvgDefect) / moduleAvgDefect < 0.5','2015-06-15 15:05:56','2015-06-15 15:05:56'),(20,2,2,2,4,'单个模块缺陷占比超出均值达50%','(moduleMaxDefect - moduleAvgDefect) / moduleAvgDefect >= 0.5 && (moduleMaxDefect - moduleAvgDefect) / moduleAvgDefect < 0.8','2015-06-12 09:32:23','2015-06-12 09:32:23'),(21,2,2,3,4,'单个模块缺陷占比超出均值达80%','(moduleMaxDefect - moduleAvgDefect) / moduleAvgDefect >= 0.8','2015-06-12 09:34:29','2015-06-12 09:34:29'),(22,3,1,1,5,'缺陷修复超时4个工作时','fixCost >= 4 && fixCost < 8','2014-12-23 16:43:16','2014-12-23 16:43:16'),(23,3,1,2,5,'缺陷修复超时8个工作时','fixCost >= 8 && fixCost < 24','2015-01-09 14:45:58','2015-01-09 14:45:58'),(24,3,1,3,5,'缺陷修复超时3个工作日','fixCost >= 24','2015-01-13 14:12:22','2015-01-13 14:12:22'),(25,3,2,1,5,'缺陷修改2次','fixTimes == 2','2015-03-31 15:38:54','2015-03-31 15:38:54'),(26,3,2,2,5,'缺陷修改3次','fixTimes == 3','2015-03-31 15:37:45','2015-03-31 15:37:45'),(27,3,2,3,5,'缺陷修改4次及以上','fixTimes > 3','2015-03-31 15:37:24','2015-03-31 15:37:24'),(28,4,1,3,7,'SIT进度计划未创建','sitPlanId == nil','2015-06-12 09:22:15','2015-06-12 09:22:15'),(29,4,2,3,7,'UAT进度计划未创建','uatPlanId == nil','2015-06-12 09:22:18','2015-06-12 09:22:18'),(30,4,3,4,1,'进入SIT阶段而SIT用例集测试用例数量为0','sitPlaned == 0 && warnDate > sitBeginDate','2020-01-17 15:22:25','2020-01-17 15:22:25'),(31,4,4,4,2,'进入UAT阶段而UAT用例集测试用例数量为0','uatPlaned == 0 && warnDate > uatBeginDate','2020-01-17 15:23:03','2020-01-17 15:23:03'),(32,4,3,1,1,'SIT执行率滞后达到20%','sitPlaned > 0 && (sitPlaned - sitExecuted) / sitPlaned >= 0.2 && (sitPlaned - sitExecuted) / sitPlaned < 0.5','2015-08-31 13:42:17','2015-06-15 15:04:02'),(33,4,3,2,1,'SIT执行率滞后达到50%','sitPlaned > 0 && (sitPlaned - sitExecuted) / sitPlaned >= 0.5 && (sitPlaned - sitExecuted) / sitPlaned < 0.8','2015-08-31 13:42:19','2015-06-12 09:29:45'),(34,4,3,3,1,'SIT执行率滞后达到80%','sitPlaned > 0 && (sitPlaned - sitExecuted) / sitPlaned >= 0.8','2015-08-31 13:42:19','2015-06-12 09:31:30'),(35,4,4,1,2,'UAT执行率滞后达到20%','uatPlaned > 0 && (uatPlaned - uatExecuted) / uatPlaned >= 0.2 && (uatPlaned - uatExecuted) / uatPlaned < 0.5','2015-08-31 13:42:20','2015-06-15 15:05:56'),(36,4,4,2,2,'UAT执行率滞后达到50%','uatPlaned > 0 && (uatPlaned - uatExecuted) / uatPlaned >= 0.5 && (uatPlaned - uatExecuted) / uatPlaned < 0.8','2015-08-31 13:42:20','2015-06-12 09:32:23'),(37,4,4,3,2,'UAT执行率滞后达到80%','uatPlaned > 0 && (uatPlaned - uatExecuted) / uatPlaned >= 0.8','2015-08-31 13:42:24','2015-06-12 09:34:29'),(38,7,1,1,6,'开发任务完成滞后率达到20%','cmsDelayed / cmsTotal >= 0.2 && cmsDelayed / cmsTotal < 0.5','2019-12-31 08:19:27','2019-12-31 08:19:27'),(39,7,1,2,6,'开发任务完成滞后率达到50%','cmsDelayed / cmsTotal >= 0.5 && cmsDelayed / cmsTotal < 0.8','2019-12-31 08:32:00','2019-12-31 08:32:00'),(40,7,1,3,6,'开发任务完成滞后率达到80%','cmsDelayed / cmsTotal >= 0.8','2019-12-31 08:32:26','2019-12-31 08:32:26'),(41,7,2,1,6,'开发任务完成滞后最多达到1天','cmsDelayed >= 1 && cmsDelayed < 2','2019-12-31 08:20:44','2019-12-31 08:20:44'),(42,7,2,2,6,'开发任务完成滞后最多达到2天','cmsDelayed >= 2 && cmsDelayed < 3','2019-12-31 08:20:51','2019-12-31 08:20:51'),(43,7,2,3,6,'开发任务完成滞后最多达到3天','cmsDelayed >= 3','2019-12-31 08:20:58','2019-12-31 08:20:58'),(44,5,1,2,14,'测试环境配置项缺失','stgConfigLost > 0','2015-09-21 15:10:09','2015-09-21 15:10:00'),(45,5,1,3,14,'生产环境配置项缺失','prdConfigLost > 0','2015-09-21 15:08:41','2015-09-21 15:08:41'),(46,5,2,2,14,'测试环境配置项值为空','stgConfigNull > 0','2015-09-21 15:09:41','2015-09-21 15:09:41'),(47,5,2,3,14,'生产环境配置项值为空','prdConfigNull > 0','2015-09-21 15:08:02','2015-09-21 15:08:02'),(48,5,3,1,14,'测试环境监控预警处理率低于80%','stgMonAlertHandled / stgMonAlertCount >= 0.5 && stgMonAlertHandled / stgMonAlertCount < 0.8','2015-09-21 15:06:44','2015-07-01 14:40:44'),(49,5,3,2,14,'测试环境监控预警处理率低于50%','stgMonAlertHandled / stgMonAlertCount >= 0.2 && stgMonAlertHandled / stgMonAlertCount < 0.5','2015-09-21 15:06:41','2015-07-01 14:39:48'),(50,5,3,3,14,'测试环境监控预警处理率低于20%','stgMonAlertHandled / stgMonAlertCount < 0.2','2015-09-21 15:06:40','2015-07-01 14:37:39');

/*Data for the table `sepp_warning_type` */
insert  into `sepp_warning_type`(`id`,`type`,`type_desc`,`sub_type`,`sub_desc`,`created_date`,`updated_date`) values (1,1,'缺陷修复异常',1,'理论缺陷数','2019-05-27 18:25:15','2019-05-27 18:25:15'),(2,1,'缺陷修复异常',2,'修复比例偏差','2019-05-27 18:25:24','2019-05-27 18:25:24'),(3,1,'缺陷修复异常',3,'关闭比例偏差','2019-05-27 18:25:30','2019-05-27 18:25:30'),(4,2,'缺陷分布异常',1,'单个需求缺陷比例','2019-05-27 18:25:42','2019-05-27 18:25:42'),(5,2,'缺陷分布异常',2,'单个模块缺陷比例','2019-05-27 18:25:51','2019-05-27 18:25:51'),(6,3,'缺陷修复异常',1,'缺陷修复时效','2019-05-27 18:26:04','2019-05-27 18:26:17'),(7,3,'缺陷修复异常',2,'缺陷修复次数','2019-05-27 18:26:12','2019-05-27 18:26:12'),(8,4,'测试进度异常',1,'SIT计划未创建','2019-05-27 18:26:26','2019-05-27 18:26:58'),(9,4,'测试进度异常',2,'UAT计划未创建','2019-05-27 18:26:30','2019-05-27 18:27:02'),(10,4,'测试进度异常',3,'SIT进度偏差','2019-05-27 18:26:36','2019-05-27 18:26:49'),(11,4,'测试进度异常',4,'UAT进度偏差','2019-05-27 18:26:46','2019-05-27 18:26:46'),(12,5,'变更与发布异常',1,'配置项缺失','2019-05-27 18:27:16','2019-05-27 18:27:16'),(13,5,'变更与发布异常',2,'配置项值为空','2019-05-27 18:27:28','2019-05-27 18:27:28'),(14,5,'变更与发布异常',3,'监控预警处理率','2019-05-27 18:27:35','2019-05-27 18:27:35'),(15,5,'变更与发布异常',4,'变更发布失败','2019-05-27 18:27:42','2019-05-27 18:27:42'),(16,6,'变更与发布异常',5,'变更发布失败率','2019-05-27 18:27:52','2019-05-27 18:27:52'),(17,7,'开发进度异常',1,'开发任务完成滞后率','2019-12-30 17:21:35','2019-12-31 08:33:30'),(18,7,'开发进度异常',2,'开发任务完成滞后天数','2019-12-30 17:22:00','2019-12-31 08:33:38');

SET @@global.foreign_key_checks = 1;